event_date,pv_events,uv,favorite_users,cart_users,purchase_users,new_users,purchase_conversion_rate,repeat_purchase_users
2017-11-25,9353416,706641,115031,237553,132622,706641,0.18767945816899953,104050
2017-11-26,9567422,715516,117699,247038,136048,158188,0.19013970337490707,106961
2017-11-27,9041186,710094,114396,235841,146934,63825,0.2069219004807814,115572
2017-11-28,8842932,709257,114014,234424,139845,31331,0.19717112414822835,110482
2017-11-29,9210820,718922,116526,240008,146220,17931,0.20338785014229638,114667
2017-11-30,9358998,730597,117689,244083,146128,9801,0.2000117711953375,113567
2017-12-01,9718956,740139,119619,261298,139971,255,0.18911447714550916,108436
2017-12-02,12329641,970401,151183,332526,174487,18,0.17980917167232927,130361
2017-12-03,12237300,966977,149962,327795,173225,1,0.17914076549907598,129254
